﻿Name,Smiles
Oleandomycin,O=C1[C@@H]([C@H]([C@H]([C@H](OC([C@@H]([C@H]([C@@H]([C@H]([C@H](C[C@@]12CO2)C)O[C@]3([C@@H]([C@H](C[C@H](O3)C)N(C)C)O)[H])C)O[C@@]4(O[C@H]([C@@H]([C@H](C4)OC)O)C)[H])C)=O)C)C)O)C
Baicalein,O=C1C=C(C2=CC=CC=C2)OC3=C1C(O)=C(C(O)=C3)O
Umbelliferone,O=C1C=CC2=C(O1)C=C(O)C=C2
4-Methyl-umbelliferone,O=C1C=C(C)C2=C(O1)C=C(O)C=C2
Sinapic acid,COC1=CC(C=CC(O)=O)=CC(OC)=C1O
4-hydroxyl-benzoic acid,O=C(O)C1=C(O)C=CC=C1
a-cyano-4-hydroxyl-cinnamic acid,O=C(O)C(C#N)=CC1=CC=C(O)C=C1
"3,4-dichloroaniline",NC1=CC=C(Cl)C(Cl)=C1
"3,4-dihydroxylbenzoic acid",O=C(O)C1=CC=C(O)C(O)=C1
"2,5-dihydroxylbenzoic acid",O=C(O)C1=CC(O)=CC=C1O
D-glycerate,O[C@H](CO)C([O-])=O
GlcNAc,O[C@@H]1[C@H](NC(C)=O)[C@@H](O)[C@H](O)[C@@H](CO)O1
Indole 3-acetate,O=C([O-])CC1=CNC2=C1C=CC=C2
Gibberellin A3,C[C@@]12[C@@H](O)C=C[C@]3(OC2=O)[C@]1([H])[C@H](C(O)=O)[C@]4(CC5=C)[C@@]3([H])CC[C@]5(O)C4
Gibberellin A4,CC12C(CCC3(C4CCC5CC4(C(C(O)=O)C23)CC5=C)OC1=O)O
(±)-Jasmonic acid,O=C1CC[C@@H]([C@H]1C/C=C\CC)CC(O)=O
"(±)- cis, trans Abscisic acid",CC(/C=C\C(C(C)=C1)(O)C(CC1=O)(C)C)=C\C(O)=O
Kinetin,C1(CNC2=NC=NC3=C2NC=N3)=CC=CO1
trans-Zeatin,OC/C(C)=C/CNC1=C2NC=NC2=NC=N1
Luteolin,O=C1C=C(C2=CC=C(O)C(O)=C2)OC3=C1C(O)=CC(O)=C3
Quercetin,OC1=C(C2=CC=C(O)C(O)=C2)OC3=C(C(O)=CC(O)=C3)C1=O
Fisetin,OC1=CC(OC(C2=CC(O)=C(O)C=C2)=C(O)C3=O)=C3C=C1
Kaempferol,OC1=C(C2=CC=C(O)C=C2)OC3=C(C(O)=CC(O)=C3)C1=O
Cinnamic acid,O=C(O)C=CC1=CC=CC=C1
4-hydroxy cinnamic acid,O=C(O)C=CC1=CC=C(O)C=C1
"3,4-dihyroxy cinnamic acid",O=C(O)C=CC1=CC=C(O)C(O)=C1
4-hydroxy 3-methoxy cinnamic acid,O=C(O)C=CC1=CC=C(O)C(OC)=C1
2-hydroxy cinnamic acid,O=C(O)C=CC1=CC=CC=C1O
3-hydroxy cinnamic acid,O=C(O)C=CC1=CC=CC(O)=C1
7-hydroxy 6-methoxy coumarin (Scopoletin),O=C1OC2=C(C=C(C(O)=C2)OC)C=C1
"6,7-dihydroxy coumarin (Esculetin)",O=C1C=CC2=C(O1)C=C(O)C(O)=C2
Threonine,N[C@@H]([C@H](O)C)C(O)=O
Glucose,OC[C@H]1O[C@H](O)[C@H](O)[C@@H](O)[C@@H]1O
Dihydrojasmonic acid,O=C1CC[C@@H]([C@H]1CCCCC)CC(O)=O
Ser-Phe,O=C(N[C@@H](CC1=CC=CC=C1)C(O)=O)[C@H](CO)N
Ser-Leu,O=C(N[C@@H](CC(C)C)C(O)=O)[C@H](CO)N
BocCysThrOMe,CC(C)(OC(N[C@H](C(N[C@H](C(OC)=O)[C@@H](O)C)=O)CS)=O)C
1-Thio-S-cyanomethyl-N-acetyl-D-glucosamine,O[C@H]1[C@H](O)[C@@H](CO)O[C@@H](SCC#N)[C@@H]1NC(C)=O
1-Thio-S-(16-hexadecanoic acid)-N-acetyl-D-glucosamine,O[C@H]1[C@H](O)[C@@H](CO)O[C@@H](SCCCCCCCCCCCCCCCC(O)=O)[C@@H]1NC(C)=O
1-Thio-S-cyanomethyl-N-acetyl-D-lactosamine ,O[C@H]1[C@H](O[C@H]2[C@H](O)[C@@H](O)[C@@H](O)[C@@H](CO)O2)[C@@H](CO)O[C@@H](SCC#N)[C@@H]1NC(C)=O
MUGlcNAc,O[C@H]1[C@H](O)[C@@H](CO)O[C@@H](OC2=CC=C3C(OC(C=C3C)=O)=C2)[C@@H]1NC(C)=O
Trans-dihydroquercetin (DHQ),O[C@@H]1[C@@H](C2=CC(O)=C(O)C=C2)OC3=C(C(O)=CC(O)=C3)C1=O
Cyanidin chloride (CYN),OC1=C(C2=CC=C(O)C(O)=C2)[O+]=C3C=C(O)C=C(O)C3=C1.[Cl-]
Vancomycin,CN[C@@H](C(N[C@@H]1[C@@H](C2=CC=C(C(Cl)=C2)OC3=C(C4=CC([C@H](C(N[C@@H]5C6=CC(C7=C(C=C(C=C7[C@@H](C(O)=O)NC([C@H]([C@@H](C8=CC(Cl)=C(C=C8)O4)O)NC5=O)=O)O)O)=C(C=C6)O)=O)NC([C@@H](NC1=O)CC(N)=O)=O)=C3)O[C@@H]9O[C@@H]([C@H]([C@@H]([C@H]9O[C@H]%10C[C@](N)([C@@H]([C@@H](O%10)C)O)C)O)O)CO)O)=O)CC(C)C
Novobiocin,O=C(C1=CC=C(O)C(C/C=C(C)/C)=C1)NC2=C(O)C3=CC=C(O[C@@H]4OC(C)(C)[C@H](OC)[C@@H](OC(N)=O)[C@H]4O)C(C)=C3OC2=O
Coumermycin A1,CC1=CC=C(C(O[C@@H]2[C@H](O)[C@@H](OC3=C(C)C4=C(C=C3)C(O)=C(NC(C5=CNC(C(NC6=C(O)C(C=CC(O[C@H]7OC(C)(C)[C@@H](OC)[C@H](OC(C8=CC=C(C)N8)=O)[C@@H]7O)=C9C)=C9OC6=O)=O)=C5C)=O)C(O4)=O)OC(C)(C)[C@H]2OC)=O)N1
7-hydroxycoumerin 3-carboxylic acid,O=C1OC2=C(C=CC(O)=C2)C=C1C(O)=O
7-hydroxycoumerin 4-acetic acid,O=C1OC2=C(C=CC(O)=C2)C(CC(O)=O)=C1
Chloramphenicol,OC[C@H]([C@H](O)C1=CC=C(C=C1)[N+]([O-])=O)NC(C(Cl)Cl)=O
Kanamycin,NC1C(OC2C(O)C(O)C(O)C(CN)O2)C(O)C(OC3C(O)C(N)C(O)C(CO)O3)C(N)C1
Carbencillin disodium salt,CC1(C)C(C(O[Na])=O)N2C(C(NC(C(C(O[Na])=O)C3=CC=CC=C3)=O)C2=O)S1
β-GlcOBn,O[C@H]1[C@H](O)[C@@H](O)[C@@H](OCC2=CC=CC=C2)O[C@@H]1CO
a-ManOBn,O[C@H]1[C@H](O)[C@H](O)[C@@H](OCC2=CC=CC=C2)O[C@@H]1CO
a-ManOPh,O[C@H]1[C@H](O)[C@H](O)[C@@H](OC2=CC=CC=C2)O[C@@H]1CO
a-ManOCH2Bn,O[C@H]1[C@H](O)[C@H](O)[C@@H](OCCC2=CC=CC=C2)O[C@@H]1CO
a-ManOPMP,O[C@H]1[C@H](O)[C@H](O)[C@@H](OC2=CC=C(OC)C=C2)O[C@@H]1CO
a-ManOBn(pNO2),O[C@H]1[C@H](O)[C@H](O)[C@@H](OCC2=CC=C([N+]([O-])=O)C=C2)O[C@@H]1CO
a-ManOPhF5,O[C@H]1[C@H](O)[C@H](O)[C@@H](OC2=C(F)C(F)=C(F)C(F)=C2F)O[C@@H]1CO
a-ManOBnF5,O[C@H]1[C@H](O)[C@H](O)[C@@H](OCC2=C(F)C(F)=C(F)C(F)=C2F)O[C@@H]1CO
ManSTol,O[C@H]1[C@H](O)[C@H](O)[C@H](SC2=CC=C(C)C=C2)O[C@@H]1CO
Man (6a) Man(3a)Man(a)OPh,O[C@H]1[C@H](O)[C@H](O)[C@@H](OC[C@H]2O[C@H](OC3=CC=CC=C3)[C@@H](O)[C@@H](OC4[C@@H](O)[C@@H](O)[C@H](O)[C@@H](CO)O4)[C@@H]2O)O[C@@H]1CO
D-erythro-sphingosine,N[C@@H](CO)[C@H](O)/C=C/CCCCCCCCCCCCC
Catechin,OC1C(C2=CC=C(O)C(O)=C2)OC3=C(C(O)=CC(O)=C3)C1
Genistein,O=C1C(C2=CC=C(O)C=C2)=COC3=C1C(O)=CC(O)=C3
N6-Benzyladenine,C12=NC=NC(NCC3=CC=CC=C3)=C1NC=N2
Trans-Zentin-Glucose,CC(CO[C@H]1[C@@H](O)[C@@H](O)[C@H](O)[C@@H](CO)O1)=CCNC2=C3C(N=CN3)=NC=N2
DihydroZeatin,OCC(CCNC1=C2NC=NC2=NC=N1)C
Olomoucine,OCCNC1=NC(NCC2=CC=CC=C2)=C3C(N(C)C=N3)=N1
N6-isopentenyladenine,C/C(C)=C/CNC1=C2C(N=CN2)=NC=N1
Erythromycin,C[C@@H]([C@@H]([C@H](C(O[C@@H]([C@@]([C@H](O)[C@@H](C)C1=O)(C)O)CC)=O)C)O[C@H]2C[C@]([C@@H](O)[C@H](C)O2)(OC)C)[C@H]([C@](C)(O)C[C@H]1C)O[C@H](O[C@@H](C[C@@H]3N(C)C)C)[C@@H]3O
Tylosin,O=C(C[C@H]([C@H](C)[C@H]([C@@H](CC=O)C[C@H]1C)O[C@H](O[C@@H]([C@@H](O[C@H]2C[C@@](C)(O)[C@@H](O)[C@H](C)O2)[C@@H]3N(C)C)C)[C@@H]3O)O)O[C@H](CC)[C@@H](CO[C@H]4[C@H](OC)[C@H](OC)[C@H](O)[C@@H](C)O4)/C=C(C)/C=C/C1=O
Spectinomycin,C[C@@H]1CC([C@@]2(O)[C@@](O[C@]3([H])[C@@H](O)[C@H](NC)[C@H](O)[C@H](NC)[C@@]3([H])O2)([H])O1)=O
Echinomycin,CSC(SCC(N(C(C(N1)C)=O)C)C(N(C(C2=O)C(C)C)C)=O)C(N(C(C(NC(C(CO2)NC(C3=NC(C=CC=C4)=C4N=C3)=O)=O)C)=O)C)C(N(C(C(OCC(NC(C5=NC(C=CC=C6)=C6N=C5)=O)C1=O)=O)C(C)C)C)=O
CHAPS,[H][C@@]1(C[C@H](O)CC2)[C@@]2(C)[C@]([C@]3([C@H](O)C1)[H])(C[C@H](O)[C@@]4(C)[C@]3(CC[C@@H]4[C@@H](CCC(NCCC[N+](C)(C)CCCS([O-])(=O)=O)=O)C)[H])[H]
a-Ecdysone,C[C@@]12[C@@](C(C=C3C2CC[C@@]4(C)[C@@]3(O)CC[C@@H]4[C@@H]([C@H](O)CCC(C)(O)C)C)=O)([H])C[C@@H](O)[C@@H](O)C1
Solanidine,O[C@H]1CC[C@]2(C)[C@@]3([H])CC[C@]4(C)[C@@]5([H])[C@H](C)[C@@]6([H])CC[C@H](C)CN6[C@]([H])5C[C@]([H])4[C@@]([H])3CC=C2C1
Solasodine,[H][C@]12CCCC[C@]1(C)[C@@]3([H])CC[C@]4(C)[C@]5([H])[C@@]([H])(O[C@@]6(NC[C@H](C)CC6)[C@@H]5C)C[C@@]4([H])[C@]3([H])CC2
N-Acetyl-D-sphingosine,OC[C@H]([C@@H](C=CCCCCCCCCCCCCC)O)NC(C)=O
N-hexanoyl-D-sphingosine,O=C(CCCCC)N[C@H](CO)[C@H](O)C=CCCCCCCCCCCCCC
β-Sitosterol,CC[C@@H](C(C)C)CC[C@H]([C@H]1CC[C@@H]2[C@]1(C)CC[C@H]3[C@H]2CC=C4[C@]3(C)CC[C@H](O)C4)C
Staurospoine,C[C@@]12[C@H](OC)[C@H](NC)C[C@H](N3C4=CC=CC=C4C5=C6C(CNC6=O)=C7C8=CC=CC=C8N2C7=C53)O1
"2,4,5-trichlorophenol",OC1=CC(Cl)=C(Cl)C=C1Cl
4-Nitrophenol,OC1=CC=C([N+]([O-])=O)C=C1
2-chloro-4-trifluoromethylphenol,OC1=CC=CC(C(F)(F)F)=C1Cl
1-Naphthol,OC1=C2C=CC=CC2=CC=C1
Triclosan,OC1=C(CC2=C(C=C(C=C2)Cl)Cl)C=CC(Cl)=C1
4-chlorothiophenol,SC1=CC=C(Cl)C=C1
2-Chrolor-4-(trifluoromethyl)benzenethiol,SC1=CC=C(C(F)(F)F)C=C1[N+]([O-])=O
2-napthalenethiol,SC1=CC=C2C=CC=CC2=C1
Metribuzin,O=C1C(C(C)(C)C)=NN=C(SC)N1N
Picloram,NC1=C(Cl)C(C(O)=O)=NC(Cl)=C1Cl
